{"Version":"2019-10-30","StartAction":"cfab4aad-1918-427e-a1df-e4754f83200c","Metadata":{"entryPointPosition":{"x":4.800000000000001,"y":52.800000000000004},"ActionMetadata":{"faf1605c-3f92-401c-aff0-06b64bb6a3a7":{"position":{"x":791.2,"y":16.8}},"9c1bac47-ddcd-4eca-bf19-e4b9affbb240":{"position":{"x":542.4,"y":21.6}},"be1d0642-2ad6-490a-a5ac-a52bb4274cbf":{"position":{"x":538.4,"y":234.4}},"764bbc2e-9eaa-443f-b8ec-619b918f5541":{"position":{"x":812,"y":296.8}},"25768539-7c36-4202-a684-22856a617c72":{"position":{"x":311.20000000000005,"y":21.6}},"cfab4aad-1918-427e-a1df-e4754f83200c":{"position":{"x":106.4,"y":-24.8}},"b7a53955-6b98-4726-bdfb-6b75aeec7371":{"position":{"x":101.60000000000001,"y":208.8}},"2c72b103-ce51-4c22-9189-d17dc671c498":{"position":{"x":103.2,"y":412.8},"parameters":{"PromptId":{"displayName":"Music_Jazz_MyTimetoFly_Inst.wav"}},"promptName":"Music_Jazz_MyTimetoFly_Inst.wav"}},"name":"Lab 8 - Customer queue for Chat","description":"Lab 8 - Customer queue for Chat","type":"customerQueue","status":"published","hash":{}},"Actions":[{"Parameters":{},"Identifier":"faf1605c-3f92-401c-aff0-06b64bb6a3a7","Type":"EndFlowExecution","Transitions":{}},{"Parameters":{"Text":"I am sorry for the delay at the Super Surf Shack your call is important to us."},"Identifier":"9c1bac47-ddcd-4eca-bf19-e4b9affbb240","Type":"MessageParticipant","Transitions":{"NextAction":"faf1605c-3f92-401c-aff0-06b64bb6a3a7","Errors":[{"NextAction":"764bbc2e-9eaa-443f-b8ec-619b918f5541","ErrorType":"NoMatchingError"}]}},{"Parameters":{"Text":" I am sorry we are unable to take your call, please call back later."},"Identifier":"be1d0642-2ad6-490a-a5ac-a52bb4274cbf","Type":"MessageParticipant","Transitions":{"NextAction":"764bbc2e-9eaa-443f-b8ec-619b918f5541","Errors":[{"NextAction":"764bbc2e-9eaa-443f-b8ec-619b918f5541","ErrorType":"NoMatchingError"}]}},{"Parameters":{},"Identifier":"764bbc2e-9eaa-443f-b8ec-619b918f5541","Type":"DisconnectParticipant","Transitions":{}},{"Parameters":{"MetricType":"NumberOfAgentsStaffed"},"Identifier":"25768539-7c36-4202-a684-22856a617c72","Type":"CheckMetricData","Transitions":{"NextAction":"764bbc2e-9eaa-443f-b8ec-619b918f5541","Conditions":[{"NextAction":"9c1bac47-ddcd-4eca-bf19-e4b9affbb240","Condition":{"Operator":"NumberGreaterThan","Operands":["0"]}}],"Errors":[{"NextAction":"be1d0642-2ad6-490a-a5ac-a52bb4274cbf","ErrorType":"NoMatchingCondition"},{"NextAction":"764bbc2e-9eaa-443f-b8ec-619b918f5541","ErrorType":"NoMatchingError"}]}},{"Parameters":{"LoopCount":"3"},"Identifier":"cfab4aad-1918-427e-a1df-e4754f83200c","Type":"Loop","Transitions":{"NextAction":"25768539-7c36-4202-a684-22856a617c72","Conditions":[{"NextAction":"b7a53955-6b98-4726-bdfb-6b75aeec7371","Condition":{"Operator":"Equals","Operands":["ContinueLooping"]}},{"NextAction":"25768539-7c36-4202-a684-22856a617c72","Condition":{"Operator":"Equals","Operands":["DoneLooping"]}}]}},{"Parameters":{"Text":"I am sorry no $.Queue.Name agent is currently available to take your call."},"Identifier":"b7a53955-6b98-4726-bdfb-6b75aeec7371","Type":"MessageParticipant","Transitions":{"NextAction":"2c72b103-ce51-4c22-9189-d17dc671c498","Errors":[{"NextAction":"faf1605c-3f92-401c-aff0-06b64bb6a3a7","ErrorType":"NoMatchingError"}]}},{"Parameters":{"PromptId":"arn:aws:connect:us-west-2:196609801693:instance/e1fda1cf-2cb1-4ad3-b6d7-9e3d5ef6ad20/prompt/3330be27-e860-4768-812b-653d9cb78f16"},"Identifier":"2c72b103-ce51-4c22-9189-d17dc671c498","Type":"MessageParticipant","Transitions":{"NextAction":"cfab4aad-1918-427e-a1df-e4754f83200c","Errors":[{"NextAction":"faf1605c-3f92-401c-aff0-06b64bb6a3a7","ErrorType":"NoMatchingError"}]}}]}