acctNumber,first_name,last_name,service_level,Address1,City,State,Country,postal_code,business_name,email,phone_number,queue,dateOfBirth
1002,Daffy,Duck,Gold,4578 Main St,Looney Tunes,CA,US,98745,Looney Tunes Animation,daffy@toons.com,Your_Number,Swimsuit,4/17/1937
1001,Marvin,Martian,Silver,123 Main St,Mars,CA,US,12345,Looney Tunes Animation,marvin@martian.com,Your_Number,SharkRepellent,7/24/1948
1003,Bugs,Bunny,Platinum,8910 Whacky Rd,Looney Tunes,CA,US,98745,Looney Tunes Animation,bugs@toons.com,Your_Number,Surfboard,4/30/1938
1004,Porky,Pig,Titanium,543 Happy Ln,Warner,GA,US,17767,Crayon Supply,porky@crayon.supply,Your_Number,Swimsuit,3/2/1935
